"Got Data, Statistician Data Science And Data Analyst Long Sleeve T-Shirt",£19.99,2025-05-06
"Got Data, Statistician Data Science And Data Analyst Long Sleeve T-Shirt",£19.99,2025-05-06
"Got Data, Statistician Data Science And Data Analyst Long Sleeve T-Shirt",£19.99,2025-05-06
"Got Data, Statistician Data Science And Data Analyst Long Sleeve T-Shirt",£19.99,2025-05-06
"Got Data, Statistician Data Science And Data Analyst Long Sleeve T-Shirt",£19.99,2025-05-06
"Got Data, Statistician Data Science And Data Analyst Long Sleeve T-Shirt",£19.99,2025-05-06
"Got Data, Statistician Data Science And Data Analyst Long Sleeve T-Shirt",£19.99,2025-05-06
"Got Data, Statistician Data Science And Data Analyst Long Sleeve T-Shirt",£19.99,2025-05-06
"Got Data, Statistician Data Science And Data Analyst Long Sleeve T-Shirt",£19.99,2025-05-06
"Got Data, Statistician Data Science And Data Analyst Long Sleeve T-Shirt",£19.99,2025-05-06
"Got Data, Statistician Data Science And Data Analyst Long Sleeve T-Shirt",£19.99,2025-05-06
"Got Data, Statistician Data Science And Data Analyst Long Sleeve T-Shirt",£19.99,2025-05-06
"Got Data, Statistician Data Science And Data Analyst Long Sleeve T-Shirt",£19.99,2025-05-06
"Got Data, Statistician Data Science And Data Analyst Long Sleeve T-Shirt",£19.99,2025-05-06
"Got Data, Statistician Data Science And Data Analyst Long Sleeve T-Shirt",£19.99,2025-05-06
"Got Data, Statistician Data Science And Data Analyst Long Sleeve T-Shirt",£19.99,2025-05-06
"Got Data, Statistician Data Science And Data Analyst Long Sleeve T-Shirt",£19.99,2025-05-06
"Got Data, Statistician Data Science And Data Analyst Long Sleeve T-Shirt",£19.99,2025-05-06
"Got Data, Statistician Data Science And Data Analyst Long Sleeve T-Shirt",£19.99,2025-05-06
"Got Data, Statistician Data Science And Data Analyst Long Sleeve T-Shirt",£19.99,2025-05-06
"Got Data, Statistician Data Science And Data Analyst Long Sleeve T-Shirt",£19.99,2025-05-06
"Got Data, Statistician Data Science And Data Analyst Long Sleeve T-Shirt",£19.99,2025-05-06
"Got Data, Statistician Data Science And Data Analyst Long Sleeve T-Shirt",£19.99,2025-05-06
"Got Data, Statistician Data Science And Data Analyst Long Sleeve T-Shirt",£19.99,2025-05-06
"Got Data, Statistician Data Science And Data Analyst Long Sleeve T-Shirt",£19.99,2025-05-06
"Got Data, Statistician Data Science And Data Analyst Long Sleeve T-Shirt",£19.99,2025-05-06
"Got Data, Statistician Data Science And Data Analyst Long Sleeve T-Shirt",£19.99,2025-05-06
"Got Data, Statistician Data Science And Data Analyst Long Sleeve T-Shirt",£19.99,2025-05-06
"Got Data, Statistician Data Science And Data Analyst Long Sleeve T-Shirt",£19.99,2025-05-06
"Got Data, Statistician Data Science And Data Analyst Long Sleeve T-Shirt",£19.99,2025-05-06
"Got Data, Statistician Data Science And Data Analyst Long Sleeve T-Shirt",£19.99,2025-05-06
"Got Data, Statistician Data Science And Data Analyst Long Sleeve T-Shirt",£19.99,2025-05-06
"Got Data, Statistician Data Science And Data Analyst Long Sleeve T-Shirt",£19.99,2025-05-06
"Got Data, Statistician Data Science And Data Analyst Long Sleeve T-Shirt",£19.99,2025-05-06
"Got Data, Statistician Data Science And Data Analyst Long Sleeve T-Shirt",£19.99,2025-05-06
"Got Data, Statistician Data Science And Data Analyst Long Sleeve T-Shirt",£19.99,2025-05-06
"Got Data, Statistician Data Science And Data Analyst Long Sleeve T-Shirt",£19.99,2025-05-06
"Got Data, Statistician Data Science And Data Analyst Long Sleeve T-Shirt",£19.99,2025-05-06
"Got Data, Statistician Data Science And Data Analyst Long Sleeve T-Shirt",£19.99,2025-05-06
"Got Data, Statistician Data Science And Data Analyst Long Sleeve T-Shirt",£19.99,2025-05-06
"Got Data, Statistician Data Science And Data Analyst Long Sleeve T-Shirt",£19.99,2025-05-06
"Got Data, Statistician Data Science And Data Analyst Long Sleeve T-Shirt",£19.99,2025-05-06
"Got Data, Statistician Data Science And Data Analyst Long Sleeve T-Shirt",£19.99,2025-05-06
"Got Data, Statistician Data Science And Data Analyst Long Sleeve T-Shirt",£19.99,2025-05-06
"Got Data, Statistician Data Science And Data Analyst Long Sleeve T-Shirt",£19.99,2025-05-06
"Got Data, Statistician Data Science And Data Analyst Long Sleeve T-Shirt",£19.99,2025-05-06
"Got Data, Statistician Data Science And Data Analyst Long Sleeve T-Shirt",£19.99,2025-05-06
"Got Data, Statistician Data Science And Data Analyst Long Sleeve T-Shirt",£19.99,2025-05-06
"Got Data, Statistician Data Science And Data Analyst Long Sleeve T-Shirt",£19.99,2025-05-06
"Got Data, Statistician Data Science And Data Analyst Long Sleeve T-Shirt",£19.99,2025-05-06
"Got Data, Statistician Data Science And Data Analyst Long Sleeve T-Shirt",£19.99,2025-05-06
"Got Data, Statistician Data Science And Data Analyst Long Sleeve T-Shirt",£19.99,2025-05-06
"Got Data, Statistician Data Science And Data Analyst Long Sleeve T-Shirt",£19.99,2025-05-06
"Got Data, Statistician Data Science And Data Analyst Long Sleeve T-Shirt",£19.99,2025-05-06
"Got Data, Statistician Data Science And Data Analyst Long Sleeve T-Shirt",£19.99,2025-05-06
"Got Data, Statistician Data Science And Data Analyst Long Sleeve T-Shirt",£19.99,2025-05-06
"Got Data, Statistician Data Science And Data Analyst Long Sleeve T-Shirt",£19.99,2025-05-06
"Got Data, Statistician Data Science And Data Analyst Long Sleeve T-Shirt",£19.99,2025-05-06
"Got Data, Statistician Data Science And Data Analyst Long Sleeve T-Shirt",£19.99,2025-05-06
"Got Data, Statistician Data Science And Data Analyst Long Sleeve T-Shirt",£19.99,2025-05-06
"Got Data, Statistician Data Science And Data Analyst Long Sleeve T-Shirt",£19.99,2025-05-06
"Got Data, Statistician Data Science And Data Analyst Long Sleeve T-Shirt",£19.99,2025-05-06
"Got Data, Statistician Data Science And Data Analyst Long Sleeve T-Shirt",£19.99,2025-05-06
"Got Data, Statistician Data Science And Data Analyst Long Sleeve T-Shirt",£19.99,2025-05-06
"Got Data, Statistician Data Science And Data Analyst Long Sleeve T-Shirt",£19.99,2025-05-06
"Got Data, Statistician Data Science And Data Analyst Long Sleeve T-Shirt",£19.99,2025-05-06
"Got Data, Statistician Data Science And Data Analyst Long Sleeve T-Shirt",£19.99,2025-05-06
"Got Data, Statistician Data Science And Data Analyst Long Sleeve T-Shirt",£19.99,2025-05-06
"Got Data, Statistician Data Science And Data Analyst Long Sleeve T-Shirt",£19.99,2025-05-06
"Got Data, Statistician Data Science And Data Analyst Long Sleeve T-Shirt",£19.99,2025-05-06
"Got Data, Statistician Data Science And Data Analyst Long Sleeve T-Shirt",£19.99,2025-05-06
"Got Data, Statistician Data Science And Data Analyst Long Sleeve T-Shirt",£19.99,2025-05-06
"Got Data, Statistician Data Science And Data Analyst Long Sleeve T-Shirt",£19.99,2025-05-06
"Got Data, Statistician Data Science And Data Analyst Long Sleeve T-Shirt",£19.99,2025-05-06
